link,image,title,price
https://www.amazon.in/G_Pixel-Coral-8GB-128GB-Storage/dp/B0DCZG53GT/ref=sr_1_1?dib=eyJ2IjoiMSJ9.l6cbI7S5mHhIM4FrhFdEtZRg7Vm1qop6NUyINbeRbTSQqc7v87pMpQvOZJLi_pcD1CunwtsTjotmNZ-Dc0eNgYyTjIirBMXk3awk4KuRDwtyc5aNkLAnaC0KGpRnKelrA1ZLyu9lt8liyjNEcp4fdKOkEZ3hQnerP0oORi8JlCd3Rocz1bt-3HZS2q84VRDOlHK-bc-ThUezh3LUDblPpioEmIgD7nTjSA4Zp0cuTZg.SH_N_8QExF_2TEDipjjTOASLO_xpa2rWpcn60pjj0nA&dib_tag=se&keywords=pixel+7a&qid=1727091567&sr=8-1,https://m.media-amazon.com/images/I/51ayRxSifqL._AC_UY218_.jpg,"G_Pixel 7a 5G (Coral, 8GB RAM, 128GB Storage)","33,990"
https://www.amazon.in/Sea-8GB-RAM-128GB-Storage/dp/B0D6M11Q19/ref=sr_1_2?dib=eyJ2IjoiMSJ9.l6cbI7S5mHhIM4FrhFdEtZRg7Vm1qop6NUyINbeRbTSQqc7v87pMpQvOZJLi_pcD1CunwtsTjotmNZ-Dc0eNgYyTjIirBMXk3awk4KuRDwtyc5aNkLAnaC0KGpRnKelrA1ZLyu9lt8liyjNEcp4fdKOkEZ3hQnerP0oORi8JlCd3Rocz1bt-3HZS2q84VRDOlHK-bc-ThUezh3LUDblPpioEmIgD7nTjSA4Zp0cuTZg.SH_N_8QExF_2TEDipjjTOASLO_xpa2rWpcn60pjj0nA&dib_tag=se&keywords=pixel+7a&qid=1727091567&sr=8-2,https://m.media-amazon.com/images/I/61wVdErStAL._AC_UY218_.jpg,"7a 5G (Sea, 8GB RAM, 128GB Storage)","34,999"
https://www.amazon.in/7a-Charcoal-128-GB-RAM/dp/B0D76BLYXS/ref=sr_1_3?dib=eyJ2IjoiMSJ9.l6cbI7S5mHhIM4FrhFdEtZRg7Vm1qop6NUyINbeRbTSQqc7v87pMpQvOZJLi_pcD1CunwtsTjotmNZ-Dc0eNgYyTjIirBMXk3awk4KuRDwtyc5aNkLAnaC0KGpRnKelrA1ZLyu9lt8liyjNEcp4fdKOkEZ3hQnerP0oORi8JlCd3Rocz1bt-3HZS2q84VRDOlHK-bc-ThUezh3LUDblPpioEmIgD7nTjSA4Zp0cuTZg.SH_N_8QExF_2TEDipjjTOASLO_xpa2rWpcn60pjj0nA&dib_tag=se&keywords=pixel+7a&qid=1727091567&sr=8-3,https://m.media-amazon.com/images/I/61+7SewjTKL._AC_UY218_.jpg,"7a (Charcoal, 128 GB) (8 GB RAM)","33,999"
https://www.amazon.in/7a-5G-Coral-128-RAM/dp/B0D6LZC4DC/ref=sr_1_4?dib=eyJ2IjoiMSJ9.l6cbI7S5mHhIM4FrhFdEtZRg7Vm1qop6NUyINbeRbTSQqc7v87pMpQvOZJLi_pcD1CunwtsTjotmNZ-Dc0eNgYyTjIirBMXk3awk4KuRDwtyc5aNkLAnaC0KGpRnKelrA1ZLyu9lt8liyjNEcp4fdKOkEZ3hQnerP0oORi8JlCd3Rocz1bt-3HZS2q84VRDOlHK-bc-ThUezh3LUDblPpioEmIgD7nTjSA4Zp0cuTZg.SH_N_8QExF_2TEDipjjTOASLO_xpa2rWpcn60pjj0nA&dib_tag=se&keywords=pixel+7a&qid=1727091567&sr=8-4,https://m.media-amazon.com/images/I/51-hQraXndL._AC_UY218_.jpg,"7a 5G (Coral, 128 GB) (8 GB RAM)","33,999"
https://www.amazon.in/ALVIONI-Sea-128GB-Storage-Smartphone/dp/B0D1GQ4P72/ref=sr_1_5?dib=eyJ2IjoiMSJ9.l6cbI7S5mHhIM4FrhFdEtZRg7Vm1qop6NUyINbeRbTSQqc7v87pMpQvOZJLi_pcD1CunwtsTjotmNZ-Dc0eNgYyTjIirBMXk3awk4KuRDwtyc5aNkLAnaC0KGpRnKelrA1ZLyu9lt8liyjNEcp4fdKOkEZ3hQnerP0oORi8JlCd3Rocz1bt-3HZS2q84VRDOlHK-bc-ThUezh3LUDblPpioEmIgD7nTjSA4Zp0cuTZg.SH_N_8QExF_2TEDipjjTOASLO_xpa2rWpcn60pjj0nA&dib_tag=se&keywords=pixel+7a&qid=1727091567&sr=8-5,https://m.media-amazon.com/images/I/51K3fA1EjFL._AC_UY218_.jpg,"ALVIONI P 7a 5G (Sea, 8GB RAM, 128GB Storage) Smartphone","35,490"
https://www.amazon.in/8GB-RAM-128GB-Storage-Snow/dp/B0DFJJZB4Z/ref=sr_1_6?dib=eyJ2IjoiMSJ9.l6cbI7S5mHhIM4FrhFdEtZRg7Vm1qop6NUyINbeRbTSQqc7v87pMpQvOZJLi_pcD1CunwtsTjotmNZ-Dc0eNgYyTjIirBMXk3awk4KuRDwtyc5aNkLAnaC0KGpRnKelrA1ZLyu9lt8liyjNEcp4fdKOkEZ3hQnerP0oORi8JlCd3Rocz1bt-3HZS2q84VRDOlHK-bc-ThUezh3LUDblPpioEmIgD7nTjSA4Zp0cuTZg.SH_N_8QExF_2TEDipjjTOASLO_xpa2rWpcn60pjj0nA&dib_tag=se&keywords=pixel+7a&qid=1727091567&sr=8-6,https://m.media-amazon.com/images/I/61Nc6h1xosL._AC_UY218_.jpg,"7a 5G 8GB RAM, 128GB Storage Snow","33,999"
https://www.amazon.in/ALVIONI-7a-Charcoal-Storage-Smartphone/dp/B0D1GPNWQX/ref=sr_1_7?dib=eyJ2IjoiMSJ9.l6cbI7S5mHhIM4FrhFdEtZRg7Vm1qop6NUyINbeRbTSQqc7v87pMpQvOZJLi_pcD1CunwtsTjotmNZ-Dc0eNgYyTjIirBMXk3awk4KuRDwtyc5aNkLAnaC0KGpRnKelrA1ZLyu9lt8liyjNEcp4fdKOkEZ3hQnerP0oORi8JlCd3Rocz1bt-3HZS2q84VRDOlHK-bc-ThUezh3LUDblPpioEmIgD7nTjSA4Zp0cuTZg.SH_N_8QExF_2TEDipjjTOASLO_xpa2rWpcn60pjj0nA&dib_tag=se&keywords=pixel+7a&qid=1727091567&sr=8-7,https://m.media-amazon.com/images/I/417eLHSKniL._AC_UY218_.jpg,"ALVIONI P 7a 5G (Charcoal, 8GB RAM, 128GB Storage) Smartphone","34,999"
https://www.amazon.in/Oneplus-Celadon-Marble-128Gb-Storage/dp/B0CX58MTNN/ref=sr_1_8?dib=eyJ2IjoiMSJ9.l6cbI7S5mHhIM4FrhFdEtZRg7Vm1qop6NUyINbeRbTSQqc7v87pMpQvOZJLi_pcD1CunwtsTjotmNZ-Dc0eNgYyTjIirBMXk3awk4KuRDwtyc5aNkLAnaC0KGpRnKelrA1ZLyu9lt8liyjNEcp4fdKOkEZ3hQnerP0oORi8JlCd3Rocz1bt-3HZS2q84VRDOlHK-bc-ThUezh3LUDblPpioEmIgD7nTjSA4Zp0cuTZg.SH_N_8QExF_2TEDipjjTOASLO_xpa2rWpcn60pjj0nA&dib_tag=se&keywords=pixel+7a&qid=1727091567&sr=8-8,https://m.media-amazon.com/images/I/61nxQ62qglL._AC_UY218_.jpg,"Oneplus Nord CE4 (Celadon Marble, 8GB RAM, 128Gb Storage)","24,998"
https://www.amazon.in/OnePlus-Galactic-Silver-128GB-Storage/dp/B0BSNQ2KXF/ref=sr_1_9?dib=eyJ2IjoiMSJ9.l6cbI7S5mHhIM4FrhFdEtZRg7Vm1qop6NUyINbeRbTSQqc7v87pMpQvOZJLi_pcD1CunwtsTjotmNZ-Dc0eNgYyTjIirBMXk3awk4KuRDwtyc5aNkLAnaC0KGpRnKelrA1ZLyu9lt8liyjNEcp4fdKOkEZ3hQnerP0oORi8JlCd3Rocz1bt-3HZS2q84VRDOlHK-bc-ThUezh3LUDblPpioEmIgD7nTjSA4Zp0cuTZg.SH_N_8QExF_2TEDipjjTOASLO_xpa2rWpcn60pjj0nA&dib_tag=se&keywords=pixel+7a&qid=1727091567&sr=8-9,https://m.media-amazon.com/images/I/613SAOPmLeL._AC_UY218_.jpg,"OnePlus 11R 5G (Galactic Silver, 8GB RAM, 128GB Storage)","27,998"
https://www.amazon.in/ALVIONI-7a-Coral-Storage-Smartphone/dp/B0D1H117TG/ref=sr_1_10?dib=eyJ2IjoiMSJ9.l6cbI7S5mHhIM4FrhFdEtZRg7Vm1qop6NUyINbeRbTSQqc7v87pMpQvOZJLi_pcD1CunwtsTjotmNZ-Dc0eNgYyTjIirBMXk3awk4KuRDwtyc5aNkLAnaC0KGpRnKelrA1ZLyu9lt8liyjNEcp4fdKOkEZ3hQnerP0oORi8JlCd3Rocz1bt-3HZS2q84VRDOlHK-bc-ThUezh3LUDblPpioEmIgD7nTjSA4Zp0cuTZg.SH_N_8QExF_2TEDipjjTOASLO_xpa2rWpcn60pjj0nA&dib_tag=se&keywords=pixel+7a&qid=1727091567&sr=8-10,https://m.media-amazon.com/images/I/41PJnz18KyL._AC_UY218_.jpg,"ALVIONI P 7a 5G (Coral, 8GB RAM, 128GB Storage) Smartphone","33,999"
https://www.amazon.in/sspa/click?ie=UTF8&spc=MToxMDMwNzM4NzI4NDQ4ODgyOjE3MjcwOTE1Njc6c3BfbXRmOjMwMDA2MTgzNzM5MDkzMjo6MDo6&url=%2FNillkin-Google-Frosted-Shield-Protect%2Fdp%2FB0C69JVGNT%2Fref%3Dsr_1_11_sspa%3Fdib%3DeyJ2IjoiMSJ9.l6cbI7S5mHhIM4FrhFdEtZRg7Vm1qop6NUyINbeRbTSQqc7v87pMpQvOZJLi_pcD1CunwtsTjotmNZ-Dc0eNgYyTjIirBMXk3awk4KuRDwtyc5aNkLAnaC0KGpRnKelrA1ZLyu9lt8liyjNEcp4fdKOkEZ3hQnerP0oORi8JlCd3Rocz1bt-3HZS2q84VRDOlHK-bc-ThUezh3LUDblPpioEmIgD7nTjSA4Zp0cuTZg.SH_N_8QExF_2TEDipjjTOASLO_xpa2rWpcn60pjj0nA%26dib_tag%3Dse%26keywords%3Dpixel%2B7a%26qid%3D1727091567%26sr%3D8-11-spons%26sp_csd%3Dd2lkZ2V0TmFtZT1zcF9tdGY%26psc%3D1%26smid%3DA3DTJ27XJ2VD74,https://m.media-amazon.com/images/I/71auxZ1s46L._AC_UY218_.jpg,"Nillkin Case for Google Pixel 7A (6.1"" Inch) Super Frosted Shield Pro Hard Back Soft Border (PC + TPU) Shock Absorb Cover Raised Bezel Camera Protect PC Black Color",749
https://www.amazon.in/sspa/click?ie=UTF8&spc=MToxMDMwNzM4NzI4NDQ4ODgyOjE3MjcwOTE1Njc6c3BfbXRmOjMwMDA2MTgzNzM5MDUzMjo6MDo6&url=%2FNillkin-Google-CamShield-Layered-Protection%2Fdp%2FB0C6KH2KVZ%2Fref%3Dsr_1_12_sspa%3Fdib%3DeyJ2IjoiMSJ9.l6cbI7S5mHhIM4FrhFdEtZRg7Vm1qop6NUyINbeRbTSQqc7v87pMpQvOZJLi_pcD1CunwtsTjotmNZ-Dc0eNgYyTjIirBMXk3awk4KuRDwtyc5aNkLAnaC0KGpRnKelrA1ZLyu9lt8liyjNEcp4fdKOkEZ3hQnerP0oORi8JlCd3Rocz1bt-3HZS2q84VRDOlHK-bc-ThUezh3LUDblPpioEmIgD7nTjSA4Zp0cuTZg.SH_N_8QExF_2TEDipjjTOASLO_xpa2rWpcn60pjj0nA%26dib_tag%3Dse%26keywords%3Dpixel%2B7a%26qid%3D1727091567%26sr%3D8-12-spons%26sp_csd%3Dd2lkZ2V0TmFtZT1zcF9tdGY%26psc%3D1%26smid%3DA3DTJ27XJ2VD74,https://m.media-amazon.com/images/I/71Uil9PNfJL._AC_UY218_.jpg,"Nillkin Case for Google Pixel 7A (6.1"" Inch) CamShield Pro Slider Camera Close & Open Double Layered Protection TPU + PC Black Color","1,299"
https://www.amazon.in/OnePlus-Iron-Gray-128GB-Storage/dp/B0CQYMMP94/ref=sr_1_13?dib=eyJ2IjoiMSJ9.l6cbI7S5mHhIM4FrhFdEtZRg7Vm1qop6NUyINbeRbTSQqc7v87pMpQvOZJLi_pcD1CunwtsTjotmNZ-Dc0eNgYyTjIirBMXk3awk4KuRDwtyc5aNkLAnaC0KGpRnKelrA1ZLyu9lt8liyjNEcp4fdKOkEZ3hQnerP0oORi8JlCd3Rocz1bt-3HZS2q84VRDOlHK-bc-ThUezh3LUDblPpioEmIgD7nTjSA4Zp0cuTZg.SH_N_8QExF_2TEDipjjTOASLO_xpa2rWpcn60pjj0nA&dib_tag=se&keywords=pixel+7a&qid=1727091567&sr=8-13,https://m.media-amazon.com/images/I/71XNeka-BRL._AC_UY218_.jpg,"OnePlus 12R (Iron Gray, 8GB RAM, 128GB Storage)","39,998"
https://www.amazon.in/ALVIONI-7a-128GB-Storage-Smartphone/dp/B0D1GNYHPZ/ref=sr_1_14?dib=eyJ2IjoiMSJ9.l6cbI7S5mHhIM4FrhFdEtZRg7Vm1qop6NUyINbeRbTSQqc7v87pMpQvOZJLi_pcD1CunwtsTjotmNZ-Dc0eNgYyTjIirBMXk3awk4KuRDwtyc5aNkLAnaC0KGpRnKelrA1ZLyu9lt8liyjNEcp4fdKOkEZ3hQnerP0oORi8JlCd3Rocz1bt-3HZS2q84VRDOlHK-bc-ThUezh3LUDblPpioEmIgD7nTjSA4Zp0cuTZg.SH_N_8QExF_2TEDipjjTOASLO_xpa2rWpcn60pjj0nA&dib_tag=se&keywords=pixel+7a&qid=1727091567&sr=8-14,https://m.media-amazon.com/images/I/416i4-xBIDL._AC_UY218_.jpg,"ALVIONI P 7a 5G (Snow, 8GB RAM, 128GB Storage) Smartphone","34,499"
https://www.amazon.in/Nothing-Mediatek-Dimensity-Processor-Interface/dp/B0D3784ZQC/ref=sr_1_15?dib=eyJ2IjoiMSJ9.l6cbI7S5mHhIM4FrhFdEtZRg7Vm1qop6NUyINbeRbTSQqc7v87pMpQvOZJLi_pcD1CunwtsTjotmNZ-Dc0eNgYyTjIirBMXk3awk4KuRDwtyc5aNkLAnaC0KGpRnKelrA1ZLyu9lt8liyjNEcp4fdKOkEZ3hQnerP0oORi8JlCd3Rocz1bt-3HZS2q84VRDOlHK-bc-ThUezh3LUDblPpioEmIgD7nTjSA4Zp0cuTZg.SH_N_8QExF_2TEDipjjTOASLO_xpa2rWpcn60pjj0nA&dib_tag=se&keywords=pixel+7a&qid=1727091567&sr=8-15,https://m.media-amazon.com/images/I/41k+AXTgkOL._AC_UY218_.jpg,"Nothing Phone (2a) 5G (Blue, 8GB RAM, 256GB Storage) | 6.7"" AMOLED Display | 50MP (OIS) + 50 MP | 32 MP Front | Mediatek Dimensity 7200 Pro Processor | Glyph Interface | 45 W Charging 100% in 59 mins","24,883"
https://www.amazon.in/8GB-RAM-128GB-Storage-Sea/dp/B0DFT9QLGK/ref=sr_1_16?dib=eyJ2IjoiMSJ9.l6cbI7S5mHhIM4FrhFdEtZRg7Vm1qop6NUyINbeRbTSQqc7v87pMpQvOZJLi_pcD1CunwtsTjotmNZ-Dc0eNgYyTjIirBMXk3awk4KuRDwtyc5aNkLAnaC0KGpRnKelrA1ZLyu9lt8liyjNEcp4fdKOkEZ3hQnerP0oORi8JlCd3Rocz1bt-3HZS2q84VRDOlHK-bc-ThUezh3LUDblPpioEmIgD7nTjSA4Zp0cuTZg.SH_N_8QExF_2TEDipjjTOASLO_xpa2rWpcn60pjj0nA&dib_tag=se&keywords=pixel+7a&qid=1727091567&sr=8-16,https://m.media-amazon.com/images/I/31GG6ng8XDL._AC_UY218_.jpg,"7a 5G 8GB RAM, 128GB Storage Sea","33,999"
https://www.amazon.in/OnePlus-Sonic-Black-128GB-Storage/dp/B0BSNP46QP/ref=sr_1_17?dib=eyJ2IjoiMSJ9.l6cbI7S5mHhIM4FrhFdEtZRg7Vm1qop6NUyINbeRbTSQqc7v87pMpQvOZJLi_pcD1CunwtsTjotmNZ-Dc0eNgYyTjIirBMXk3awk4KuRDwtyc5aNkLAnaC0KGpRnKelrA1ZLyu9lt8liyjNEcp4fdKOkEZ3hQnerP0oORi8JlCd3Rocz1bt-3HZS2q84VRDOlHK-bc-ThUezh3LUDblPpioEmIgD7nTjSA4Zp0cuTZg.SH_N_8QExF_2TEDipjjTOASLO_xpa2rWpcn60pjj0nA&dib_tag=se&keywords=pixel+7a&qid=1727091567&sr=8-17,https://m.media-amazon.com/images/I/61u9zN1HYCL._AC_UY218_.jpg,"OnePlus 11R 5G (Sonic Black, 8GB RAM, 128GB Storage)","27,998"
https://www.amazon.in/OnePlus-Nord-Surge-128GB-Storage/dp/B0C9QS5G2R/ref=sr_1_18?dib=eyJ2IjoiMSJ9.l6cbI7S5mHhIM4FrhFdEtZRg7Vm1qop6NUyINbeRbTSQqc7v87pMpQvOZJLi_pcD1CunwtsTjotmNZ-Dc0eNgYyTjIirBMXk3awk4KuRDwtyc5aNkLAnaC0KGpRnKelrA1ZLyu9lt8liyjNEcp4fdKOkEZ3hQnerP0oORi8JlCd3Rocz1bt-3HZS2q84VRDOlHK-bc-ThUezh3LUDblPpioEmIgD7nTjSA4Zp0cuTZg.SH_N_8QExF_2TEDipjjTOASLO_xpa2rWpcn60pjj0nA&dib_tag=se&keywords=pixel+7a&qid=1727091567&sr=8-18,https://m.media-amazon.com/images/I/6175SlKKECL._AC_UY218_.jpg,"OnePlus Nord CE 3 5G (Aqua Surge, 8GB RAM, 128GB Storage)","17,999"
